Agent Name,Agent Profile URL
Rudy Ponchateau,https://www.iadfrance.fr/conseiller-immobilier/rudy.ponchateau
Ouarda Khelfi,https://www.iadfrance.fr/conseiller-immobilier/ouarda.khelfi
Alexandre Baroukh,https://www.iadfrance.fr/conseiller-immobilier/alexandre.baroukh
Jam Ouahioune,https://www.iadfrance.fr/conseiller-immobilier/jam.ouahioune
Keilie Gabriel,https://www.iadfrance.fr/conseiller-immobilier/keilie.gabriel
Morgan Bonal,https://www.iadfrance.fr/conseiller-immobilier/morgan.bonal
Teddy Mascret,https://www.iadfrance.fr/conseiller-immobilier/teddy.mascret
Mickael Broutin,https://www.iadfrance.fr/conseiller-immobilier/mickael.broutin
Julie Mariez,https://www.iadfrance.fr/conseiller-immobilier/julie.mariez
Emilie Carbasa,https://www.iadfrance.fr/conseiller-immobilier/emilie.carbasa
Florian Voisin,https://www.iadfrance.fr/conseiller-immobilier/florian.voisin
Sarah Brami,https://www.iadfrance.fr/conseiller-immobilier/sarah.brami
Pierre-Etienne Launay,https://www.iadfrance.fr/conseiller-immobilier/pierre-etienne.launay
Grégory Mouton,https://www.iadfrance.fr/conseiller-immobilier/gregory.mouton
Bradley Silva Brito,https://www.iadfrance.fr/conseiller-immobilier/bradley.silva-brito
Mathieu Menara,https://www.iadfrance.fr/conseiller-immobilier/mathieu.menara
Sophie Toulemonde,https://www.iadfrance.fr/conseiller-immobilier/sophie.toulemonde
Isabelle Serre,https://www.iadfrance.fr/conseiller-immobilier/isabelle.serre
Cécile Luchier,https://www.iadfrance.fr/conseiller-immobilier/cecile.luchier
Lamia Ammouche,https://www.iadfrance.fr/conseiller-immobilier/lamia.ammouche
Maya Kamen,https://www.iadfrance.fr/conseiller-immobilier/maya.kamen
Moïse Nilor,https://www.iadfrance.fr/conseiller-immobilier/moise.nilor
Jessyca Barba,https://www.iadfrance.fr/conseiller-immobilier/jessyca.barba
Christophe Ba,https://www.iadfrance.fr/conseiller-immobilier/christophe.ba
Isabelle Da Silva,https://www.iadfrance.fr/conseiller-immobilier/dasilva.isabelle
Samia Haddou,https://www.iadfrance.fr/conseiller-immobilier/samia.haddou
Elodie Danza,https://www.iadfrance.fr/conseiller-immobilier/elodie.danza
Fatima Da Silva,https://www.iadfrance.fr/conseiller-immobilier/fatima.dasilva
Dan Ly,https://www.iadfrance.fr/conseiller-immobilier/dan.ly
Amel Koutabli,https://www.iadfrance.fr/conseiller-immobilier/amel.koutabli
Manon Larcher,https://www.iadfrance.fr/conseiller-immobilier/manon.larcher
Océane Vivet,https://www.iadfrance.fr/conseiller-immobilier/oceane.vivet
Celine Moreira,https://www.iadfrance.fr/conseiller-immobilier/celine.moreira
Isabelle Goupil,https://www.iadfrance.fr/conseiller-immobilier/isabelle.goupil
Emmanuelle Brec,https://www.iadfrance.fr/conseiller-immobilier/emmanuelle.brec
Bénédicte Chivet,https://www.iadfrance.fr/conseiller-immobilier/benedicte.chivet
Mélanie Dragone,https://www.iadfrance.fr/conseiller-immobilier/melanie.dragone
Bénédicte Poirier,https://www.iadfrance.fr/conseiller-immobilier/benedicte.poirier
Caroline Setia,https://www.iadfrance.fr/conseiller-immobilier/caroline.setia
Geric Goulet,https://www.iadfrance.fr/conseiller-immobilier/geric.goulet
Bérengère Couvigny,https://www.iadfrance.fr/conseiller-immobilier/berengere.couvigny
Edouard De Lacotte,https://www.iadfrance.fr/conseiller-immobilier/edouard.delacotte
Leila Brini,https://www.iadfrance.fr/conseiller-immobilier/leila.brini
Fanny Lefebvre,https://www.iadfrance.fr/conseiller-immobilier/fanny.lefebvre
Carole Corbisier,https://www.iadfrance.fr/conseiller-immobilier/carole.corbisier
Amandine Helluy,https://www.iadfrance.fr/conseiller-immobilier/amandine.helluy
Coralie Vaudelle,https://www.iadfrance.fr/conseiller-immobilier/coralie.vaudelle
Anaïs Penché,https://www.iadfrance.fr/conseiller-immobilier/anais.penche
